-- MySQL dump 10.13  Distrib 8.2.0, for macos13.5 (x86_64)
--
-- Host: localhost    Database: helpdesk4
-- ------------------------------------------------------
-- Server version	8.2.0

/*!40101 SET @OLD_CHARACTER_SET_CLIENT=@@CHARACTER_SET_CLIENT */;
/*!40101 SET @OLD_CHARACTER_SET_RESULTS=@@CHARACTER_SET_RESULTS */;
/*!40101 SET @OLD_COLLATION_CONNECTION=@@COLLATION_CONNECTION */;
/*!50503 SET NAMES utf8mb4 */;
/*!40103 SET @OLD_TIME_ZONE=@@TIME_ZONE */;
/*!40103 SET TIME_ZONE='+00:00' */;
/*!40014 SET @OLD_UNIQUE_CHECKS=@@UNIQUE_CHECKS, UNIQUE_CHECKS=0 */;
/*!40014 SET @OLD_FOREIGN_KEY_CHECKS=@@FOREIGN_KEY_CHECKS, FOREIGN_KEY_CHECKS=0 */;
/*!40101 SET @OLD_SQL_MODE=@@SQL_MODE, SQL_MODE='NO_AUTO_VALUE_ON_ZERO' */;
/*!40111 SET @OLD_SQL_NOTES=@@SQL_NOTES, SQL_NOTES=0 */;

--
-- Table structure for table `Groups`
--

DROP TABLE IF EXISTS `Groups`;
/*!40101 SET @saved_cs_client     = @@character_set_client */;
/*!50503 SET character_set_client = utf8mb4 */;
CREATE TABLE `Groups` (
  `id` int NOT NULL AUTO_INCREMENT,
  `name` varchar(255) COLLATE utf8mb4_general_ci NOT NULL,
  PRIMARY KEY (`id`)
) ENGINE=InnoDB AUTO_INCREMENT=4 DEFAULT CHARSET=utf8mb4 COLLATE=utf8mb4_general_ci;
/*!40101 SET character_set_client = @saved_cs_client */;

--
-- Dumping data for table `Groups`
--

LOCK TABLES `Groups` WRITE;
/*!40000 ALTER TABLE `Groups` DISABLE KEYS */;
INSERT INTO `Groups` VALUES (1,'micro-informatica'),(2,'macro-informatica'),(3,'Super_admin');
/*!40000 ALTER TABLE `Groups` ENABLE KEYS */;
UNLOCK TABLES;

--
-- Table structure for table `messages`
--

DROP TABLE IF EXISTS `messages`;
/*!40101 SET @saved_cs_client     = @@character_set_client */;
/*!50503 SET character_set_client = utf8mb4 */;
CREATE TABLE `messages` (
  `id` int NOT NULL AUTO_INCREMENT,
  `ticket_id` int DEFAULT NULL,
  `message` text COLLATE utf8mb4_general_ci,
  `sender_type` enum('user','admin') COLLATE utf8mb4_general_ci DEFAULT NULL,
  `sent_at` timestamp NULL DEFAULT CURRENT_TIMESTAMP,
  `sender_name` varchar(255) COLLATE utf8mb4_general_ci DEFAULT NULL,
  PRIMARY KEY (`id`),
  KEY `ticket_id` (`ticket_id`),
  CONSTRAINT `messages_ibfk_1` FOREIGN KEY (`ticket_id`) REFERENCES `tickets` (`id`)
) ENGINE=InnoDB AUTO_INCREMENT=3488 DEFAULT CHARSET=utf8mb4 COLLATE=utf8mb4_general_ci;
/*!40101 SET character_set_client = @saved_cs_client */;

--
-- Dumping data for table `messages`
--

LOCK TABLES `messages` WRITE;
/*!40000 ALTER TABLE `messages` DISABLE KEYS */;
INSERT INTO `messages` VALUES (3474,238,'teste teste','user','2024-05-24 16:50:16','Rafael Jerónimo'),(3475,239,'Este ticket foi aceite com sucesso.','admin','2024-05-24 16:57:36','Teresa Cota'),(3476,239,'Este ticket foi fechado com sucesso.','admin','2024-05-24 17:01:01','Teresa Cota'),(3477,240,'Este ticket foi aceite com sucesso.','admin','2024-05-24 17:02:15','Teresa Cota'),(3478,240,'Olá ','admin','2024-05-24 17:03:19','Teresa Cota'),(3479,240,'askmdkaskdsma','admin','2024-05-24 17:03:55','Teresa Cota'),(3480,240,'Este ticket foi fechado com sucesso.','admin','2024-05-24 17:04:48','Teresa Cota'),(3481,241,'teste','admin','2024-05-24 17:11:46','Teresa Cota'),(3482,241,'Este ticket foi aceite com sucesso.','admin','2024-05-24 17:11:55','Teresa Cota'),(3483,241,'teste','admin','2024-05-27 09:32:13','Teresa Cota'),(3484,241,'Este ticket foi fechado com sucesso.','admin','2024-05-27 09:32:29','Teresa Cota'),(3485,242,'Este ticket foi aceite com sucesso.','admin','2024-05-27 09:35:09','Teresa Cota'),(3486,244,'Este ticket foi aceite com sucesso.','admin','2024-05-27 12:24:05','Teresa Cota'),(3487,244,'teste','admin','2024-05-27 12:24:10','Teresa Cota');
/*!40000 ALTER TABLE `messages` ENABLE KEYS */;
UNLOCK TABLES;

--
-- Table structure for table `tickets`
--

DROP TABLE IF EXISTS `tickets`;
/*!40101 SET @saved_cs_client     = @@character_set_client */;
/*!50503 SET character_set_client = utf8mb4 */;
CREATE TABLE `tickets` (
  `id` int NOT NULL AUTO_INCREMENT,
  `description` text COLLATE utf8mb4_general_ci,
  `date` datetime DEFAULT NULL,
  `state` varchar(50) COLLATE utf8mb4_general_ci DEFAULT NULL,
  `created_by` int DEFAULT NULL,
  `attributed_to` int DEFAULT NULL,
  `topic_id` int DEFAULT NULL,
  `contacto` varchar(100) COLLATE utf8mb4_general_ci DEFAULT NULL,
  `created_by_user` varchar(255) COLLATE utf8mb4_general_ci DEFAULT NULL,
  `group_id` int DEFAULT NULL,
  `title` varchar(255) COLLATE utf8mb4_general_ci DEFAULT NULL,
  `closed_by` varchar(255) COLLATE utf8mb4_general_ci DEFAULT NULL,
  `UnidadeOrg` varchar(255) COLLATE utf8mb4_general_ci DEFAULT NULL,
  `attributed_to_name` varchar(255) COLLATE utf8mb4_general_ci DEFAULT NULL,
  `file` varchar(255) COLLATE utf8mb4_general_ci DEFAULT NULL,
  PRIMARY KEY (`id`),
  KEY `created_by` (`created_by`),
  KEY `attributed_to` (`attributed_to`),
  KEY `fk_topic_id` (`topic_id`),
  KEY `fk_tickets_group_id` (`group_id`),
  CONSTRAINT `fk_attributed_to` FOREIGN KEY (`attributed_to`) REFERENCES `users` (`id`),
  CONSTRAINT `fk_created_by` FOREIGN KEY (`created_by`) REFERENCES `users` (`id`),
  CONSTRAINT `fk_tickets_group_id` FOREIGN KEY (`group_id`) REFERENCES `Groups` (`id`),
  CONSTRAINT `fk_topic_id` FOREIGN KEY (`topic_id`) REFERENCES `Topics` (`id`)
) ENGINE=InnoDB AUTO_INCREMENT=245 DEFAULT CHARSET=utf8mb4 COLLATE=utf8mb4_general_ci;
/*!40101 SET character_set_client = @saved_cs_client */;

--
-- Dumping data for table `tickets`
--

LOCK TABLES `tickets` WRITE;
/*!40000 ALTER TABLE `tickets` DISABLE KEYS */;
INSERT INTO `tickets` VALUES (238,'<p>kmasdkmsadmksdakm</p>','2024-05-24 00:00:00','Aberto',19,NULL,2,'123123','Rafael Jerónimo',1,'teste teste',NULL,'EBIL - Escola Básica Integrada Lagoa',NULL,'Sem ficheiro.'),(239,'<p>teste teste teste&nbsp;</p>','2024-05-24 00:00:00','Fechado',1,9,2,'10923','Rafael Pereira',1,'teste teste','Teresa Cota','DREAE','Teresa Cota','Sem ficheiro.'),(240,'<p>teste teste</p>','2024-05-24 00:00:00','Fechado',1,9,2,'1029','Rafael Pereira',1,'teste','Teresa Cota','DRAC','Teresa Cota','Sem ficheiro.'),(241,'<table border=\"1\">\r\n<tbody>\r\n<tr>\r\n<th>Nome completo</th>\r\n<th>User</th>\r\n</tr>\r\n<tr>\r\n<td>name</td>\r\n<td>user</td>\r\n</tr>\r\n</tbody>\r\n</table>','2024-05-24 00:00:00','Fechado',1,9,12,'1023','Rafael Pereira',1,'teste','Teresa Cota','Conservatório Regional Ponta Delgada','Teresa Cota','Sem ficheiro.'),(242,'<p>teste teste&nbsp;</p>','2024-05-27 00:00:00','em execucao',1,9,2,'1092','Rafael Pereira',1,'teste',NULL,'DRAC','Teresa Cota','Sem ficheiro.'),(243,'<p>teste</p>','2024-05-27 09:54:02','Aberto',1,NULL,2,'13','Rafael Pereira',1,'TESTE',NULL,'DRAC',NULL,'Sem ficheiro.'),(244,'<p>Envio a lista em anexo.</p>','2024-05-27 12:23:21','em execucao',1,9,12,'310379','Rafael Pereira',1,'Lista de users para autenticar',NULL,'EBI Horta','Teresa Cota','reset_account-template.xlsx');
/*!40000 ALTER TABLE `tickets` ENABLE KEYS */;
UNLOCK TABLES;

--
-- Table structure for table `Topics`
--

DROP TABLE IF EXISTS `Topics`;
/*!40101 SET @saved_cs_client     = @@character_set_client */;
/*!50503 SET character_set_client = utf8mb4 */;
CREATE TABLE `Topics` (
  `id` int NOT NULL AUTO_INCREMENT,
  `key_word` text COLLATE utf8mb4_general_ci,
  `group_id` int DEFAULT NULL,
  PRIMARY KEY (`id`),
  KEY `fk_topics_group_id` (`group_id`),
  CONSTRAINT `fk_topics_group_id` FOREIGN KEY (`group_id`) REFERENCES `Groups` (`id`)
) ENGINE=InnoDB AUTO_INCREMENT=53 DEFAULT CHARSET=utf8mb4 COLLATE=utf8mb4_general_ci;
/*!40101 SET character_set_client = @saved_cs_client */;

--
-- Dumping data for table `Topics`
--

LOCK TABLES `Topics` WRITE;
/*!40000 ALTER TABLE `Topics` DISABLE KEYS */;
INSERT INTO `Topics` VALUES (1,'password',1),(2,'Geral',1),(3,'certificados',2),(4,'Criar conta EDU',1),(5,'Reset MFA EDU',1),(6,'Reset password EDU',1),(7,'Adicionar MACaddress a controladora',1),(9,'Reconfiguração portas switch',2),(10,'Dados aluno',1),(11,'Criar novo utilizador',1),(12,'Autenticação MFA',1),(13,'Criar grupo de distribuição',1),(14,'Licença 0365',1),(15,'Partilhas na rede',1),(16,'Apoio ao Utilizador',1),(25,'Atribuicao de computadores',1),(26,'Apoio a websites EDU',1),(27,'Pedido de Equipamento',1),(28,'Pedido de SUP individual',1),(29,'Pedido de Swicth - avaria',2),(30,'Pedido de Switch - configuração',2),(31,'Pedido de VPN ',2),(32,'Preparaçao de local para evento ',1),(33,'Alteração de Redes ',2),(34,'Pedido de parecer',1),(35,'Incidente de segurança',2),(45,'Configuração/problema de rede EDU',2),(46,'Pedido de parecer EDU',1),(47,'Configuração APs EDU',2),(48,'Manuais digitais',1),(49,'Pedido de VPN - FSE ',1),(50,'Reposição de Tablet',1),(51,'Registo de Tablet',1);
/*!40000 ALTER TABLE `Topics` ENABLE KEYS */;
UNLOCK TABLES;

--
-- Table structure for table `users`
--

DROP TABLE IF EXISTS `users`;
/*!40101 SET @saved_cs_client     = @@character_set_client */;
/*!50503 SET character_set_client = utf8mb4 */;
CREATE TABLE `users` (
  `id` int NOT NULL AUTO_INCREMENT,
  `name` varchar(255) COLLATE utf8mb4_general_ci NOT NULL,
  `password` varchar(255) COLLATE utf8mb4_general_ci NOT NULL,
  `type` varchar(50) COLLATE utf8mb4_general_ci DEFAULT NULL,
  `created_at` timestamp NULL DEFAULT CURRENT_TIMESTAMP,
  `group_id` int DEFAULT NULL,
  `email` varchar(255) COLLATE utf8mb4_general_ci DEFAULT NULL,
  `uo` varchar(255) COLLATE utf8mb4_general_ci DEFAULT NULL,
  PRIMARY KEY (`id`),
  UNIQUE KEY `email` (`email`),
  KEY `fk_group_id` (`group_id`),
  CONSTRAINT `fk_group_id` FOREIGN KEY (`group_id`) REFERENCES `Groups` (`id`)
) ENGINE=InnoDB AUTO_INCREMENT=391 DEFAULT CHARSET=utf8mb4 COLLATE=utf8mb4_general_ci;
/*!40101 SET character_set_client = @saved_cs_client */;

--
-- Dumping data for table `users`
--

LOCK TABLES `users` WRITE;
/*!40000 ALTER TABLE `users` DISABLE KEYS */;
INSERT INTO `users` VALUES (1,'Rafael Pereira','5e884898da28047151d0e56f8dc6292773603d0d6aabbdd62a11ef721d1542d8','user','2024-03-27 12:57:43',NULL,'rafael.b.pereira@azores.gov.pt','EBSLP'),(2,'admin','admin_password','admin','2024-03-27 17:06:41',1,'rafaelpereira0808@gmail.com','srec-nit'),(3,'Pedro Santos','59886fe3e4a390d23717ffc12004fdf754df4084ff23d7be65130205b865926e','admin','2024-04-02 11:55:34',2,'Pedro.MM.Santos2@azores.gov.pt','srec-nit'),(4,'Luis Martins','59886fe3e4a390d23717ffc12004fdf754df4084ff23d7be65130205b865926e','admin','2024-04-02 11:55:46',2,'Luis.FL.Martins@azores.gov.pt','srec-nit'),(5,'Carlos Cota','7f96866dca735bf4049203b085edda9cfb3567fe6393486e7db8397c6098160a','admin','2024-04-02 11:55:59',1,'Carlos.AE.Cota@azores.gov.pt','srec-nit'),(8,'Antonio Santos','3648ed3e6a1b65f418fabd1b2e61c8a2fd757fa3d6b5eeb17e9ba564f3a838ad','admin','2024-04-09 15:43:49',1,'Antonio.JC.Santos@azores.gov.pt',NULL),(9,'Teresa Cota','59886fe3e4a390d23717ffc12004fdf754df4084ff23d7be65130205b865926e','admin','2024-04-09 15:53:27',1,'Teresa.JL.Cota@azores.gov.pt',NULL),(10,'Elisabete Martins','59886fe3e4a390d23717ffc12004fdf754df4084ff23d7be65130205b865926e','admin','2024-04-09 15:55:49',1,'Elisabete.MS.Martins@azores.gov.pt',NULL),(11,'Maria da Conceição Duarte','59886fe3e4a390d23717ffc12004fdf754df4084ff23d7be65130205b865926e','admin','2024-04-09 16:01:24',1,'Maria.CF.Duarte@azores.gov.pt',NULL),(15,'Rodrigo Silva','59886fe3e4a390d23717ffc12004fdf754df4084ff23d7be65130205b865926e','admin','2024-04-18 11:23:46',1,'Rodrigo.CP.Silva@azores.gov.pt',NULL),(16,'Duarte Pinto','4188939ff22cc3def262fb7829845c2919cea4747bdf2d15583c1f3f4ddeb842','admin','2024-04-22 15:08:57',3,'Duarte.PN.Pinto@azores.gov.pt',NULL),(19,'Rafael Jerónimo','59886fe3e4a390d23717ffc12004fdf754df4084ff23d7be65130205b865926e','user','2024-04-24 14:43:55',1,'rafaeljeronimo@edu.azores.gov.pt',NULL),(24,'CE-Nordeste','59886fe3e4a390d23717ffc12004fdf754df4084ff23d7be65130205b865926e','user','2024-05-08 16:34:37',NULL,'ceebs.nordeste@edu.azores.gov.pt',NULL),(25,'CE-RibeiraGrande','59886fe3e4a390d23717ffc12004fdf754df4084ff23d7be65130205b865926e','user','2024-05-08 16:35:13',NULL,'ceebi.ribeiragrande@edu.azores.gov.pt',NULL),(26,'CE-EbiMaia','59886fe3e4a390d23717ffc12004fdf754df4084ff23d7be65130205b865926e','user','2024-05-08 16:38:44',NULL,'ceebi.maia@edu.azores.gov.pt',NULL),(27,'CE-Capelas','59886fe3e4a390d23717ffc12004fdf754df4084ff23d7be65130205b865926e','user','2024-05-08 16:38:59',NULL,'ceebi.capelas@edu.azores.gov.pt',NULL),(28,'CE-Laranjeiras','59886fe3e4a390d23717ffc12004fdf754df4084ff23d7be65130205b865926e','user','2024-05-08 16:39:29',NULL,'cees.laranjeiras@edu.azores.gov.pt',NULL),(29,'CE-Arrifes','59886fe3e4a390d23717ffc12004fdf754df4084ff23d7be65130205b865926e','user','2024-05-08 16:39:39',NULL,'CEebi.Arrifes@edu.azores.gov.pt',NULL),(30,'CE-ConservatóriaRPD','59886fe3e4a390d23717ffc12004fdf754df4084ff23d7be65130205b865926e','user','2024-05-08 16:40:20',NULL,'ce.crpd@edu.azores.gov.pt',NULL),(31,'CE-ÁguaP','59886fe3e4a390d23717ffc12004fdf754df4084ff23d7be65130205b865926e','user','2024-05-08 16:41:10',NULL,'ceebi.aguapau@edu.azores.gov.pt',NULL),(32,'CE-Lagoa','59886fe3e4a390d23717ffc12004fdf754df4084ff23d7be65130205b865926e','user','2024-05-08 16:41:23',NULL,'cees.lagoa@edu.azores.gov.pt',NULL),(33,'CE-AnteroQuental','59886fe3e4a390d23717ffc12004fdf754df4084ff23d7be65130205b865926e','user','2024-05-08 16:41:42',NULL,'cees.anteroquental@edu.azores.gov.pt',NULL),(34,'CE-RobertoIvens','59886fe3e4a390d23717ffc12004fdf754df4084ff23d7be65130205b865926e','user','2024-05-08 16:42:00',NULL,'ceebi.robertoivens@edu.azores.gov.pt',NULL),(35,'CE-EsRibeiraGrande','59886fe3e4a390d23717ffc12004fdf754df4084ff23d7be65130205b865926e','user','2024-05-08 16:42:43',NULL,'cees.ribeiragrande@edu.azores.gov.pt',NULL),(36,'CE-RaboPeixe','59886fe3e4a390d23717ffc12004fdf754df4084ff23d7be65130205b865926e','user','2024-05-08 16:43:02',NULL,'ceebi.rabopeixe@edu.azores.gov.pt',NULL),(37,'CE-PontaGarça','59886fe3e4a390d23717ffc12004fdf754df4084ff23d7be65130205b865926e','user','2024-05-08 16:43:19',NULL,'ceebi.pontagarca@edu.azores.gov.pt',NULL),(38,'CE-EbiLagoa','59886fe3e4a390d23717ffc12004fdf754df4084ff23d7be65130205b865926e','user','2024-05-08 16:43:42',NULL,'ceebi.lagoa@edu.azores.gov.pt',NULL),(39,'CE-DomingosRebelo','59886fe3e4a390d23717ffc12004fdf754df4084ff23d7be65130205b865926e','user','2024-05-08 16:43:59',NULL,'cees.domingosrebelo@edu.azores.gov.pt',NULL),(40,'CE-CantoMaia','59886fe3e4a390d23717ffc12004fdf754df4084ff23d7be65130205b865926e','user','2024-05-08 16:44:14',NULL,'ceebi.cantomaia@edu.azores.gov.pt',NULL),(41,'CE-Ginetes','59886fe3e4a390d23717ffc12004fdf754df4084ff23d7be65130205b865926e','user','2024-05-08 16:44:28',NULL,'ceebi.ginetes@edu.azores.gov.pt',NULL),(42,'CE-Povoacao','59886fe3e4a390d23717ffc12004fdf754df4084ff23d7be65130205b865926e','user','2024-05-08 16:44:45',NULL,'ceebs.Povoacao@edu.azores.gov.pt',NULL),(43,'CE-ArmandoCortes-Rodrigues','59886fe3e4a390d23717ffc12004fdf754df4084ff23d7be65130205b865926e','user','2024-05-08 16:45:08',NULL,'ceebs.armandocortesrodrigues@edu.azores.gov.pt',NULL),(44,'CE-ESJeónimo Emiliano Andrade','59886fe3e4a390d23717ffc12004fdf754df4084ff23d7be65130205b865926e','user','2024-05-09 14:46:07',NULL,'cees.jea@edu.azores.gov.pt',NULL),(45,'CE-EBI Biscoitos','59886fe3e4a390d23717ffc12004fdf754df4084ff23d7be65130205b865926e','user','2024-05-09 14:46:31',NULL,'ceebi.biscoitos@edu.azores.gov.pt',NULL),(46,'CE-ES Vitorino Nemésio','59886fe3e4a390d23717ffc12004fdf754df4084ff23d7be65130205b865926e','user','2024-05-09 14:46:54',NULL,'cees.vinemesio@edu.azores.gov.pt',NULL),(47,'CE-EBI Praia da Vitoria','59886fe3e4a390d23717ffc12004fdf754df4084ff23d7be65130205b865926e','user','2024-05-09 14:47:14',NULL,'ceebi.praiadavitoria@edu.azores.gov.pt',NULL),(48,'CE-EBS Tomás de Borba','59886fe3e4a390d23717ffc12004fdf754df4084ff23d7be65130205b865926e','user','2024-05-09 14:48:07',NULL,'Ceebs.T.Borba@edu.azores.gov.pt',NULL),(49,'CE-EBI de Angra do Heroísmo','59886fe3e4a390d23717ffc12004fdf754df4084ff23d7be65130205b865926e','user','2024-05-09 14:48:30',NULL,'ceebi.AngraHeroismo@edu.azores.gov.pt',NULL),(50,'CE-EBIFFD','59886fe3e4a390d23717ffc12004fdf754df4084ff23d7be65130205b865926e','user','2024-05-09 14:48:48',NULL,'ceebi.franciscoferreiradrummond@edu.azores.gov.pt',NULL),(51,'CE-EBI Horta','59886fe3e4a390d23717ffc12004fdf754df4084ff23d7be65130205b865926e','user','2024-05-09 14:49:05',NULL,'CEebi.Horta@edu.azores.gov.pt',NULL),(52,'CE-ESMA','59886fe3e4a390d23717ffc12004fdf754df4084ff23d7be65130205b865926e','user','2024-05-09 14:49:27',NULL,'CEes.ManuelArriaga@edu.azores.gov.pt',NULL),(53,'CE-EBS Lajes do Pico','59886fe3e4a390d23717ffc12004fdf754df4084ff23d7be65130205b865926e','user','2024-05-09 14:49:46',NULL,'ceebs.lajespico@edu.azores.gov.pt',NULL),(54,'CE-EBSSRP','59886fe3e4a390d23717ffc12004fdf754df4084ff23d7be65130205b865926e','user','2024-05-09 14:51:02',NULL,'CEebs.SaoRoquePico@edu.azores.gov.pt',NULL),(55,'CE-EBS da Madalena','59886fe3e4a390d23717ffc12004fdf754df4084ff23d7be65130205b865926e','user','2024-05-09 14:51:22',NULL,'ceebs.madalena@edu.azores.gov.pt',NULL),(56,'CE-EBSV','59886fe3e4a390d23717ffc12004fdf754df4084ff23d7be65130205b865926e','user','2024-05-09 14:51:47',NULL,'CEebs.Velas@edu.azores.gov.pt',NULL),(57,'CE-EBS da Calheta','59886fe3e4a390d23717ffc12004fdf754df4084ff23d7be65130205b865926e','user','2024-05-09 14:52:04',NULL,'CEebs.Calheta@edu.azores.gov.pt',NULL),(58,'CE-EBI Topo','59886fe3e4a390d23717ffc12004fdf754df4084ff23d7be65130205b865926e','user','2024-05-09 14:52:19',NULL,'CEebi.Topo@edu.azores.gov.pt',NULL),(59,'CE-EBS da Graciosa','59886fe3e4a390d23717ffc12004fdf754df4084ff23d7be65130205b865926e','user','2024-05-09 14:52:36',NULL,'ceebs.graciosa@edu.azores.gov.pt',NULL),(60,'CE-EBS+LAJES Flores','59886fe3e4a390d23717ffc12004fdf754df4084ff23d7be65130205b865926e','user','2024-05-09 14:53:18',NULL,'CEebs.Flores@edu.azores.gov.pt',NULL),(61,'CE-EBS Mouzinho Silveira','59886fe3e4a390d23717ffc12004fdf754df4084ff23d7be65130205b865926e','user','2024-05-09 14:53:44',NULL,'CEebs.MouzinhodaSilveira@edu.azores.gov.pt',NULL),(62,'Milton Rodrigues','59886fe3e4a390d23717ffc12004fdf754df4084ff23d7be65130205b865926e','user','2024-05-09 14:58:14',NULL,'Milton.FV.Rodrigues@edu.azores.gov.pt',NULL),(63,'Paulo Machado','59886fe3e4a390d23717ffc12004fdf754df4084ff23d7be65130205b865926e','user','2024-05-09 14:59:06',NULL,'Paulo.CB.Machado@edu.azores.gov.pt',NULL),(64,'Pedro Silva','59886fe3e4a390d23717ffc12004fdf754df4084ff23d7be65130205b865926e','user','2024-05-09 14:59:19',NULL,'pedro.mb.silva@edu.azores.gov.pt',NULL),(65,'Higinio Espada','59886fe3e4a390d23717ffc12004fdf754df4084ff23d7be65130205b865926e','user','2024-05-09 14:59:33',NULL,'Higino.AG.Espada@edu.azores.gov.pt',NULL),(66,'Eugénio Ferreira','59886fe3e4a390d23717ffc12004fdf754df4084ff23d7be65130205b865926e','user','2024-05-09 14:59:47',NULL,'Eugenio.SV.Ferreira@edu.azores.gov.pt',NULL),(67,'Hernâni Nascimento','59886fe3e4a390d23717ffc12004fdf754df4084ff23d7be65130205b865926e','user','2024-05-09 15:00:10',NULL,'Hernani.AP.Nascimento@edu.azores.gov.pt',NULL),(68,'Bruno Lopes','59886fe3e4a390d23717ffc12004fdf754df4084ff23d7be65130205b865926e','user','2024-05-09 15:01:40',NULL,'Bruno.MP.Lopes@edu.azores.gov.pt',NULL),(69,'Marianela Fortuna ','59886fe3e4a390d23717ffc12004fdf754df4084ff23d7be65130205b865926e','user','2024-05-09 15:02:08',NULL,'Marianela.PS.Fortuna@edu.azores.gov.pt',NULL),(70,'António Onofre ','59886fe3e4a390d23717ffc12004fdf754df4084ff23d7be65130205b865926e','user','2024-05-09 15:03:09',NULL,'Antonio.JP.Onofre@edu.azores.gov.pt',NULL),(71,'Pedro Tavares','59886fe3e4a390d23717ffc12004fdf754df4084ff23d7be65130205b865926e','user','2024-05-09 15:03:24',NULL,'Pedro.MSousa.Tavares@edu.azores.gov.pt',NULL),(72,'Luis Melo','59886fe3e4a390d23717ffc12004fdf754df4084ff23d7be65130205b865926e','user','2024-05-09 15:03:54',NULL,'luis.fc.melo@edu.azores.gov.pt',NULL),(73,'Bruno Godinho','59886fe3e4a390d23717ffc12004fdf754df4084ff23d7be65130205b865926e','user','2024-05-09 15:04:07',NULL,'bruno.mb.godinho@edu.azores.gov.pt',NULL),(74,'Samuel Aguiar','59886fe3e4a390d23717ffc12004fdf754df4084ff23d7be65130205b865926e','user','2024-05-09 15:04:22',NULL,'Samuel.A.Aguiar@edu.azores.gov.pt',NULL),(75,'Claudio Dinis','59886fe3e4a390d23717ffc12004fdf754df4084ff23d7be65130205b865926e','user','2024-05-09 15:04:38',NULL,'Claudio.M.Dinis@edu.azores.gov.pt',NULL),(76,'David Fagundes','59886fe3e4a390d23717ffc12004fdf754df4084ff23d7be65130205b865926e','user','2024-05-09 15:05:08',NULL,'david.jf.fagundes@edu.azores.gov.pt',NULL),(77,'Flávio Godinho','59886fe3e4a390d23717ffc12004fdf754df4084ff23d7be65130205b865926e','user','2024-05-09 15:05:27',NULL,'flavio.mp.godinho@edu.azores.gov.pt',NULL),(78,'Diogo Rodrigues','59886fe3e4a390d23717ffc12004fdf754df4084ff23d7be65130205b865926e','user','2024-05-09 15:05:40',NULL,'Diogo.MF.Rodrigues@edu.azores.gov.pt',NULL),(79,'Sérgio Dias','59886fe3e4a390d23717ffc12004fdf754df4084ff23d7be65130205b865926e','user','2024-05-09 15:05:54',NULL,'Sergio.MG.Dias@edu.azores.gov.pt',NULL),(80,'Jorge Terra','59886fe3e4a390d23717ffc12004fdf754df4084ff23d7be65130205b865926e','user','2024-05-09 15:06:06',NULL,'Jorge.CB.Terra@edu.azores.gov.pt',NULL),(81,'Norberto Vargas','59886fe3e4a390d23717ffc12004fdf754df4084ff23d7be65130205b865926e','user','2024-05-09 15:06:18',NULL,'Norberto.D.Vargas@edu.azores.gov.pt',NULL),(82,'Tiago Matos','59886fe3e4a390d23717ffc12004fdf754df4084ff23d7be65130205b865926e','user','2024-05-09 15:06:30',NULL,'Tiago.AM.Matos@edu.azores.gov.pt',NULL),(83,'António Pimentel','59886fe3e4a390d23717ffc12004fdf754df4084ff23d7be65130205b865926e','user','2024-05-09 15:06:47',NULL,'antonio.cgp.pimentel@edu.azores.gov.pt',NULL),(84,'Hélder Silva','59886fe3e4a390d23717ffc12004fdf754df4084ff23d7be65130205b865926e','user','2024-05-09 15:07:10',NULL,'Helder.LN.Silva@edu.azores.gov.pt',NULL),(85,'Paulo Soares','59886fe3e4a390d23717ffc12004fdf754df4084ff23d7be65130205b865926e','user','2024-05-09 15:07:23',NULL,'paulo.ac.soares.@edu.azores.gov.pt',NULL),(86,'Nádia Cabeceira','59886fe3e4a390d23717ffc12004fdf754df4084ff23d7be65130205b865926e','user','2024-05-09 15:07:38',NULL,'Nadia.ME.Cabeceira@edu.azores.gov.pt',NULL),(91,'Rui Silveira','59886fe3e4a390d23717ffc12004fdf754df4084ff23d7be65130205b865926e','user','2024-05-22 15:04:34',NULL,'rui.ac.silveira@edu.azores.gov.pt',NULL),(92,'Alexandre Fidalgo','59886fe3e4a390d23717ffc12004fdf754df4084ff23d7be65130205b865926e','user','2024-05-22 15:04:56',NULL,'Alexandre.MCP.Fidalgo@edu.azores.gov.pt',NULL),(93,'André Sousa','59886fe3e4a390d23717ffc12004fdf754df4084ff23d7be65130205b865926e','user','2024-05-22 15:05:16',NULL,'andre.c.sousa@edu.azores.gov.pt',NULL),(94,'Ricardo Borges','59886fe3e4a390d23717ffc12004fdf754df4084ff23d7be65130205b865926e','user','2024-05-22 15:05:31',NULL,'Ricardo.JPM.Borges@edu.azores.gov.pt',NULL),(95,'Edgardo Cabral','59886fe3e4a390d23717ffc12004fdf754df4084ff23d7be65130205b865926e','user','2024-05-22 15:05:45',NULL,'Edgardo.RC.Cabral@edu.azores.gov.pt',NULL),(96,'João Silva','59886fe3e4a390d23717ffc12004fdf754df4084ff23d7be65130205b865926e','user','2024-05-22 15:06:00',NULL,'Joao.PA.Silva@edu.azores.gov.pt',NULL),(97,'Nuno Tavares','59886fe3e4a390d23717ffc12004fdf754df4084ff23d7be65130205b865926e','user','2024-05-22 15:06:16',NULL,'Nuno.FM.Tavares@edu.azores.gov.pt',NULL),(98,'Pedro Gregório','59886fe3e4a390d23717ffc12004fdf754df4084ff23d7be65130205b865926e','user','2024-05-22 15:06:31',NULL,'Pedro.MS.Gregorio@edu.azores.gov.pt',NULL),(99,'Nelson Serpa','59886fe3e4a390d23717ffc12004fdf754df4084ff23d7be65130205b865926e','user','2024-05-22 15:06:45',NULL,'Nelson.M.Serpa@edu.azores.gov.pt',NULL),(100,'Paulo Sousa ','59886fe3e4a390d23717ffc12004fdf754df4084ff23d7be65130205b865926e','user','2024-05-23 09:46:17',NULL,'Paulo.JF.sousa@edu.azores.gov.pt',NULL),(101,'Nélia Miranda','59886fe3e4a390d23717ffc12004fdf754df4084ff23d7be65130205b865926e','user','2024-05-23 09:46:40',NULL,'Nelia.MC.Miranda@edu.azores.gov.pt',NULL),(102,'Paulo Macedo','59886fe3e4a390d23717ffc12004fdf754df4084ff23d7be65130205b865926e','user','2024-05-23 09:46:52',NULL,'Paulo.FBF.Macedo@edu.azores.gov.pt',NULL),(103,'Odilardo Rodrigues','59886fe3e4a390d23717ffc12004fdf754df4084ff23d7be65130205b865926e','user','2024-05-23 09:47:15',NULL,'Odilardo.MV.Rodrigues@edu.azores.gov.pt',NULL),(104,'Fernando Pereira','59886fe3e4a390d23717ffc12004fdf754df4084ff23d7be65130205b865926e','user','2024-05-23 09:47:37',NULL,'Fernando.AG.Pereira@edu.azores.gov.pt',NULL),(105,'Ana Benevides','59886fe3e4a390d23717ffc12004fdf754df4084ff23d7be65130205b865926e','user','2024-05-23 09:47:50',NULL,'ana.po.benevides@edu.azores.gov.pt',NULL),(106,'João Campos','59886fe3e4a390d23717ffc12004fdf754df4084ff23d7be65130205b865926e','user','2024-05-23 09:48:10',NULL,'Joao.ARM.Campos@edu.azores.gov.pt',NULL),(107,'Paulo Martins','59886fe3e4a390d23717ffc12004fdf754df4084ff23d7be65130205b865926e','user','2024-05-23 09:48:51',NULL,'Paulo.ASB.Martins@edu.azores.gov.pt',NULL),(108,'Filipa Gouveia','59886fe3e4a390d23717ffc12004fdf754df4084ff23d7be65130205b865926e','user','2024-05-23 09:49:11',NULL,'Filipa.CSRB.Gouveia@edu.azores.gov.pt',NULL),(109,'Pedro Melo','59886fe3e4a390d23717ffc12004fdf754df4084ff23d7be65130205b865926e','user','2024-05-23 09:49:24',NULL,'Pedro.JF.Melo@edu.azores.gov.pt',NULL),(110,'Ana Batista','59886fe3e4a390d23717ffc12004fdf754df4084ff23d7be65130205b865926e','user','2024-05-23 09:49:36',NULL,'Ana.IC.Batista@edu.azores.gov.pt',NULL),(111,'Hélia Lima ','59886fe3e4a390d23717ffc12004fdf754df4084ff23d7be65130205b865926e','user','2024-05-23 09:49:51',NULL,'helia.cb.lima@edu.azores.gov.pt',NULL),(112,'Carlos Cunha','59886fe3e4a390d23717ffc12004fdf754df4084ff23d7be65130205b865926e','user','2024-05-23 09:50:13',NULL,'carlos.jrbs.cunha@edu.azores.gov.pt',NULL),(113,'Susana Reis','59886fe3e4a390d23717ffc12004fdf754df4084ff23d7be65130205b865926e','user','2024-05-23 09:50:26',NULL,'Susana.AC.Reis@edu.azores.gov.pt',NULL),(114,'Pedro Amorim','59886fe3e4a390d23717ffc12004fdf754df4084ff23d7be65130205b865926e','user','2024-05-23 09:50:40',NULL,'Pedro.MF.Amorim@edu.azores.gov.pt',NULL),(115,'Joseph Medeiros','59886fe3e4a390d23717ffc12004fdf754df4084ff23d7be65130205b865926e','user','2024-05-23 09:51:06',NULL,'joseph.l.medeiros@edu.azores.gov.pt',NULL),(116,'Nuno Bonito','59886fe3e4a390d23717ffc12004fdf754df4084ff23d7be65130205b865926e','user','2024-05-23 09:51:57',NULL,'Nuno.VP.Bonito@edu.azores.gov.pt',NULL),(117,'Suzete Amaral','59886fe3e4a390d23717ffc12004fdf754df4084ff23d7be65130205b865926e','user','2024-05-23 09:52:11',NULL,'Suzete.MT.Amaral@edu.azores.gov.pt',NULL),(118,'Natércia Ferreira','59886fe3e4a390d23717ffc12004fdf754df4084ff23d7be65130205b865926e','user','2024-05-23 09:52:29',NULL,'Natercia.CB.Ferreira@edu.azores.gov.pt',NULL),(119,'Antonio Barata','59886fe3e4a390d23717ffc12004fdf754df4084ff23d7be65130205b865926e','user','2024-05-23 09:52:50',NULL,'Antonio.JR.Barata@edu.azores.gov.pt',NULL),(120,'Luís Dinis','59886fe3e4a390d23717ffc12004fdf754df4084ff23d7be65130205b865926e','user','2024-05-23 09:53:29',NULL,'Luis.MMO.Dinis@edu.azores.gov.pt',NULL),(121,'João Rocha','59886fe3e4a390d23717ffc12004fdf754df4084ff23d7be65130205b865926e','user','2024-05-23 09:53:43',NULL,'Joao.CF.Rocha@edu.azores.gov.pt',NULL),(122,'Sancho Cabo','59886fe3e4a390d23717ffc12004fdf754df4084ff23d7be65130205b865926e','user','2024-05-23 09:54:04',NULL,'Sancho.FM.Cabo@edu.azores.gov.pt',NULL),(123,'Paulo Valadão ','59886fe3e4a390d23717ffc12004fdf754df4084ff23d7be65130205b865926e','user','2024-05-23 09:54:17',NULL,'paulo.jp.valadao@edu.azores.gov.pt',NULL),(124,'Ricardo Vieira','59886fe3e4a390d23717ffc12004fdf754df4084ff23d7be65130205b865926e','user','2024-05-23 09:54:29',NULL,'Ricardo.JG.Vieira@edu.azores.gov.pt',NULL),(125,'João Araújo','59886fe3e4a390d23717ffc12004fdf754df4084ff23d7be65130205b865926e','user','2024-05-23 09:54:44',NULL,'Joao.LA.Araujo@edu.azores.gov.pt',NULL),(126,'José Oliveira','59886fe3e4a390d23717ffc12004fdf754df4084ff23d7be65130205b865926e','user','2024-05-23 09:54:57',NULL,'Jose.CS.Oliveira@edu.azores.gov.pt',NULL),(127,'José Sousa','59886fe3e4a390d23717ffc12004fdf754df4084ff23d7be65130205b865926e','user','2024-05-23 09:55:09',NULL,'Jose.RR.Sousa@edu.azores.gov.pt',NULL),(128,'Lidia Simao','59886fe3e4a390d23717ffc12004fdf754df4084ff23d7be65130205b865926e','user','2024-05-23 09:55:26',NULL,'lidia.cf.simao@edu.azores.gov.pt',NULL),(129,'Valter Nunes','59886fe3e4a390d23717ffc12004fdf754df4084ff23d7be65130205b865926e','user','2024-05-23 09:55:41',NULL,'Valter.IV.Nunes@edu.azores.gov.pt',NULL),(130,'Paulo Oliveira','59886fe3e4a390d23717ffc12004fdf754df4084ff23d7be65130205b865926e','user','2024-05-23 09:56:18',NULL,'Paulo.MS.Oliveira@edu.azores.gov.pt',NULL),(131,'Silvia Machado','59886fe3e4a390d23717ffc12004fdf754df4084ff23d7be65130205b865926e','user','2024-05-23 09:56:30',NULL,'silvia.fbm.machado@edu.azores.gov.pt',NULL),(132,'Sandra Batista','59886fe3e4a390d23717ffc12004fdf754df4084ff23d7be65130205b865926e','user','2024-05-23 09:56:48',NULL,'sandra.cfm.batista@edu.azores.gov.pt',NULL),(133,'Isabel Ramos','59886fe3e4a390d23717ffc12004fdf754df4084ff23d7be65130205b865926e','user','2024-05-23 09:57:01',NULL,'Isabel.MJS.Ramos@edu.azores.gov.pt',NULL),(134,'Márcia Ambrósio ','59886fe3e4a390d23717ffc12004fdf754df4084ff23d7be65130205b865926e','user','2024-05-23 09:57:21',NULL,'Marcia.VAM.Ambrosio@edu.azores.gov.pt',NULL),(135,'Fernanda Melo','59886fe3e4a390d23717ffc12004fdf754df4084ff23d7be65130205b865926e','user','2024-05-23 09:57:32',NULL,'Fernanda.MSF.Melo@edu.azores.gov.pt',NULL),(136,'João Costa','59886fe3e4a390d23717ffc12004fdf754df4084ff23d7be65130205b865926e','user','2024-05-23 09:57:44',NULL,'Joao.PP.Costa@edu.azores.gov.pt',NULL),(137,'Bruno Nunes','59886fe3e4a390d23717ffc12004fdf754df4084ff23d7be65130205b865926e','user','2024-05-23 09:57:57',NULL,'Bruno.F.Nunes@edu.azores.gov.pt',NULL),(138,'Tânia Coelho','59886fe3e4a390d23717ffc12004fdf754df4084ff23d7be65130205b865926e','user','2024-05-23 09:58:11',NULL,'Tania.MS.Coelho@edu.azores.gov.pt',NULL),(139,'test_gra','59886fe3e4a390d23717ffc12004fdf754df4084ff23d7be65130205b865926e','user','2024-05-23 11:07:36',NULL,'test_gra@azores.gov.pt',NULL),(266,'Marlene da Silva Silveira Raposo','59886fe3e4a390d23717ffc12004fdf754df4084ff23d7be65130205b865926e','user','2024-05-24 15:15:49',NULL,'Marlene.SS.Raposo@azores.gov.pt',NULL),(267,'Armanda Maria Ramos Candeias Sampaio','59886fe3e4a390d23717ffc12004fdf754df4084ff23d7be65130205b865926e','user','2024-05-24 15:15:49',NULL,'Armanda.MR.Candeias@azores.gov.pt',NULL),(268,'Ana Paula Fagundes Alves','59886fe3e4a390d23717ffc12004fdf754df4084ff23d7be65130205b865926e','user','2024-05-24 15:15:49',NULL,'Ana.PF.Alves@azores.gov.pt',NULL),(269,'Lúcia Manuela da Silva Rosa','59886fe3e4a390d23717ffc12004fdf754df4084ff23d7be65130205b865926e','user','2024-05-24 15:15:49',NULL,'Lucia.MS.Rosa@azores.gov.pt',NULL),(270,'Maria Rita Carreiro da Silveira Gonçalves','59886fe3e4a390d23717ffc12004fdf754df4084ff23d7be65130205b865926e','user','2024-05-24 15:15:49',NULL,'Maria.RC.Goncalves@azores.gov.pt',NULL),(271,'Carlota Madalena dos Santos da Silva Barrote','59886fe3e4a390d23717ffc12004fdf754df4084ff23d7be65130205b865926e','user','2024-05-24 15:15:49',NULL,'Carlota.MSS.Barrote@azores.gov.pt',NULL),(272,'Maria da Conceição Oliveira da Silva Melo','59886fe3e4a390d23717ffc12004fdf754df4084ff23d7be65130205b865926e','user','2024-05-24 15:15:49',NULL,'Maria.CO.Melo@azores.gov.pt',NULL),(273,'Raquel Marisa Tomás Bettencourt','59886fe3e4a390d23717ffc12004fdf754df4084ff23d7be65130205b865926e','user','2024-05-24 15:15:49',NULL,'Raquel.MT.Bettencourt@azores.gov.pt',NULL),(274,'Dulce Maria Machado Toste','59886fe3e4a390d23717ffc12004fdf754df4084ff23d7be65130205b865926e','user','2024-05-24 15:15:49',NULL,'Dulce.MM.Toste@azores.gov.pt',NULL),(275,'Ana Isabel Teixeira Fagundes Barros','59886fe3e4a390d23717ffc12004fdf754df4084ff23d7be65130205b865926e','user','2024-05-24 15:15:49',NULL,'Ana.IT.Barros@azores.gov.pt',NULL),(276,'Carla Isabel Marques Sousa Cecílio Brasil','59886fe3e4a390d23717ffc12004fdf754df4084ff23d7be65130205b865926e','user','2024-05-24 15:15:49',NULL,'Carla.IM.Brasil@azores.gov.pt',NULL),(277,'Benvinda de Fátima Martins Fernandes Parreira','59886fe3e4a390d23717ffc12004fdf754df4084ff23d7be65130205b865926e','user','2024-05-24 15:15:49',NULL,'Benvinda.FM.Parreira@azores.gov.pt',NULL),(278,'Isa Sofia Bettencourt Cunha','59886fe3e4a390d23717ffc12004fdf754df4084ff23d7be65130205b865926e','user','2024-05-24 15:15:49',NULL,'Isa.SB.Cunha@azores.gov.pt',NULL),(279,'Jorgelina Maria Oliveira de Sousa Nunes','59886fe3e4a390d23717ffc12004fdf754df4084ff23d7be65130205b865926e','user','2024-05-24 15:15:49',NULL,'Jorgelina.MO.Nunes@azores.gov.pt',NULL),(280,'Joana de Sousa Correia da Cunha','59886fe3e4a390d23717ffc12004fdf754df4084ff23d7be65130205b865926e','user','2024-05-24 15:15:49',NULL,'Joana.SC.Cunha@azores.gov.pt',NULL),(281,'Anabela Borges Gonçalves da Rosa','59886fe3e4a390d23717ffc12004fdf754df4084ff23d7be65130205b865926e','user','2024-05-24 15:15:49',NULL,'Anabela.BG.Rosa@azores.gov.pt',NULL),(282,'Paulo Jorge Vieira da Rocha','59886fe3e4a390d23717ffc12004fdf754df4084ff23d7be65130205b865926e','user','2024-05-24 15:15:49',NULL,'Paulo.JV.Rocha@azores.gov.pt',NULL),(283,'José Humberto Farinha de Melo','59886fe3e4a390d23717ffc12004fdf754df4084ff23d7be65130205b865926e','user','2024-05-24 15:15:49',NULL,'Jose.HF.Melo@azores.gov.pt',NULL),(284,'Helena da Conceição Costa de Brito','59886fe3e4a390d23717ffc12004fdf754df4084ff23d7be65130205b865926e','user','2024-05-24 15:15:49',NULL,'Helena.CC.Brito@azores.gov.pt',NULL),(285,'Sónia Patrícia Coelho Ormonde','59886fe3e4a390d23717ffc12004fdf754df4084ff23d7be65130205b865926e','user','2024-05-24 15:15:49',NULL,'Sonia.PC.Ormonde@azores.gov.pt',NULL),(286,'Hermínia de Jesus Fernandes Teixeira Gaspar','59886fe3e4a390d23717ffc12004fdf754df4084ff23d7be65130205b865926e','user','2024-05-24 15:15:49',NULL,'Herminia.JF.Gaspar@azores.gov.pt',NULL),(287,'Roberto Manuel Pinheiro Dias','59886fe3e4a390d23717ffc12004fdf754df4084ff23d7be65130205b865926e','user','2024-05-24 15:15:49',NULL,'Roberto.MP.Dias@azores.gov.pt',NULL),(288,'Paulo Augusto Borges Almeida','59886fe3e4a390d23717ffc12004fdf754df4084ff23d7be65130205b865926e','user','2024-05-24 15:15:49',NULL,'Paulo.AB.Almeida@azores.gov.pt',NULL),(289,'António Fernando Toste Castro','59886fe3e4a390d23717ffc12004fdf754df4084ff23d7be65130205b865926e','user','2024-05-24 15:15:49',NULL,'Antonio.FT.Castro@azores.gov.pt',NULL),(290,'Andreia Rodrigues Lima','59886fe3e4a390d23717ffc12004fdf754df4084ff23d7be65130205b865926e','user','2024-05-24 15:15:49',NULL,'Andreia.R.Lima@azores.gov.pt',NULL),(291,'Filipa da Conceição Gomes da Silva','59886fe3e4a390d23717ffc12004fdf754df4084ff23d7be65130205b865926e','user','2024-05-24 15:15:49',NULL,'Filipa.CG.Silva@azores.gov.pt',NULL),(292,'Rui Manuel Baptista Martins','59886fe3e4a390d23717ffc12004fdf754df4084ff23d7be65130205b865926e','user','2024-05-24 15:15:49',NULL,'Rui.MB.Martins@azores.gov.pt',NULL),(293,'Maria Carmelo Gomes Faria Rocha Alves','59886fe3e4a390d23717ffc12004fdf754df4084ff23d7be65130205b865926e','user','2024-05-24 15:15:49',NULL,'Maria.CG.Alves@azores.gov.pt',NULL),(294,'António Henrique Borges da Costa','59886fe3e4a390d23717ffc12004fdf754df4084ff23d7be65130205b865926e','user','2024-05-24 15:15:49',NULL,'Antonio.HB.Costa@azores.gov.pt',NULL),(295,'Maria Teresa Costa Pereira dos Santos','59886fe3e4a390d23717ffc12004fdf754df4084ff23d7be65130205b865926e','user','2024-05-24 15:15:49',NULL,'Maria.TC.Santos@azores.gov.pt',NULL),(296,'Rita Alexandra Coelho Vilaça','59886fe3e4a390d23717ffc12004fdf754df4084ff23d7be65130205b865926e','user','2024-05-24 15:15:49',NULL,'Rita.AC.Vilaca@azores.gov.pt',NULL),(298,'Grimaneza Cordeiro Coutinho Mendes','59886fe3e4a390d23717ffc12004fdf754df4084ff23d7be65130205b865926e','user','2024-05-24 15:15:49',NULL,'Grimaneza.CC.Mendes@azores.gov.pt',NULL),(299,'Maria Manuela Sanches Borges','59886fe3e4a390d23717ffc12004fdf754df4084ff23d7be65130205b865926e','user','2024-05-24 15:15:49',NULL,'Maria.MS.Borges2@azores.gov.pt',NULL),(300,'Maria Meneses Ávila Melo','59886fe3e4a390d23717ffc12004fdf754df4084ff23d7be65130205b865926e','user','2024-05-24 15:15:49',NULL,'Maria.MA.Melo@azores.gov.pt',NULL),(301,'Maria Madalena da Costa Pacheco','59886fe3e4a390d23717ffc12004fdf754df4084ff23d7be65130205b865926e','user','2024-05-24 15:15:49',NULL,'Maria.MC.Pacheco@azores.gov.pt',NULL),(302,'Tânia Cristina da Silva Bettencourt Valadão','59886fe3e4a390d23717ffc12004fdf754df4084ff23d7be65130205b865926e','user','2024-05-24 15:15:49',NULL,'Tania.CS.Bettencourt@azores.gov.pt',NULL),(303,'Maria Ema Gomes da Silva','59886fe3e4a390d23717ffc12004fdf754df4084ff23d7be65130205b865926e','user','2024-05-24 15:15:49',NULL,'Ema.G.Silva@azores.gov.pt',NULL),(304,'Filipe Miguel Martins Alexandre','59886fe3e4a390d23717ffc12004fdf754df4084ff23d7be65130205b865926e','user','2024-05-24 15:15:49',NULL,'Filipe.MM.Alexandre@azores.gov.pt',NULL),(305,'Sandra Carla Morgado Goulart','59886fe3e4a390d23717ffc12004fdf754df4084ff23d7be65130205b865926e','user','2024-05-24 15:15:49',NULL,'Sandra.CM.Goulart@azores.gov.pt',NULL),(307,'Paulo Jorge Medeiros Novo Neves','59886fe3e4a390d23717ffc12004fdf754df4084ff23d7be65130205b865926e','user','2024-05-24 15:15:49',NULL,'Paulo.JM.Neves@azores.gov.pt',NULL),(308,'Ana Cláudia Bettencourt Amarante Veríssimo','59886fe3e4a390d23717ffc12004fdf754df4084ff23d7be65130205b865926e','user','2024-05-24 15:15:49',NULL,'Ana.CB.Verissimo@azores.gov.pt',NULL),(309,'Carolina Cunha Cabeceiras','59886fe3e4a390d23717ffc12004fdf754df4084ff23d7be65130205b865926e','user','2024-05-24 15:15:49',NULL,'Carolina.C.Cabeceiras@azores.gov.pt',NULL),(310,'Catarina de Fátima Costa Carvalho Viveiros','59886fe3e4a390d23717ffc12004fdf754df4084ff23d7be65130205b865926e','user','2024-05-24 15:15:49',NULL,'Catarina.FC.Viveiros@azores.gov.pt',NULL),(311,'Sofia Heleno Santos Roque Ribeiro','59886fe3e4a390d23717ffc12004fdf754df4084ff23d7be65130205b865926e','user','2024-05-24 15:15:49',NULL,'Sofia.HS.Ribeiro@azores.gov.pt',NULL),(312,'Paulo Manuel Ávila Cardoso','59886fe3e4a390d23717ffc12004fdf754df4084ff23d7be65130205b865926e','user','2024-05-24 15:15:49',NULL,'Paulo.MA.Cardoso@azores.gov.pt',NULL),(313,'Elisa Lima de Sousa','59886fe3e4a390d23717ffc12004fdf754df4084ff23d7be65130205b865926e','user','2024-05-24 15:15:49',NULL,'Elisa.L.Sousa@azores.gov.pt',NULL),(314,'Lídia de Fátima Rocha de Melo','59886fe3e4a390d23717ffc12004fdf754df4084ff23d7be65130205b865926e','user','2024-05-24 15:15:49',NULL,'Lidia.FR.Melo@azores.gov.pt',NULL),(315,'Paulo Fernando de Borba de Sousa Lima','59886fe3e4a390d23717ffc12004fdf754df4084ff23d7be65130205b865926e','user','2024-05-24 15:15:49',NULL,'Paulo.FB.Lima@azores.gov.pt',NULL),(316,'Herculano Manuel do Couto Godinho','59886fe3e4a390d23717ffc12004fdf754df4084ff23d7be65130205b865926e','user','2024-05-24 15:15:49',NULL,'Herculano.MC.Godinho@azores.gov.pt',NULL),(317,'Orivaldo Manuel Bettencourt da Costa Chaves','59886fe3e4a390d23717ffc12004fdf754df4084ff23d7be65130205b865926e','user','2024-05-24 15:15:49',NULL,'Orivaldo.MB.Chaves@azores.gov.pt',NULL),(318,'Nuno António de Bettencourt Gomes','59886fe3e4a390d23717ffc12004fdf754df4084ff23d7be65130205b865926e','user','2024-05-24 15:15:49',NULL,'Nuno.AB.Gomes@azores.gov.pt',NULL),(319,'Paulo Jorge da Silva Pereira','59886fe3e4a390d23717ffc12004fdf754df4084ff23d7be65130205b865926e','user','2024-05-24 15:15:49',NULL,'Paulo.JS.Pereira@azores.gov.pt',NULL),(320,'João Paulo Rodrigues Barbosa','59886fe3e4a390d23717ffc12004fdf754df4084ff23d7be65130205b865926e','user','2024-05-24 15:15:49',NULL,'Joao.PR.Barbosa@azores.gov.pt',NULL),(321,'Agostinho Tavares Fernandes Martins','59886fe3e4a390d23717ffc12004fdf754df4084ff23d7be65130205b865926e','user','2024-05-24 15:15:49',NULL,'Agostinho.TF.Martins@azores.gov.pt',NULL),(322,'Maria Guiomar Horta Lopes','59886fe3e4a390d23717ffc12004fdf754df4084ff23d7be65130205b865926e','user','2024-05-24 15:15:49',NULL,'Maria.GH.Lopes@azores.gov.pt',NULL),(323,'Adelino Manuel Martins Costa','59886fe3e4a390d23717ffc12004fdf754df4084ff23d7be65130205b865926e','user','2024-05-24 15:15:49',NULL,'Adelino.MM.Costa@azores.gov.pt',NULL),(324,'Paula Cristina Ávila Pereira Nunes','59886fe3e4a390d23717ffc12004fdf754df4084ff23d7be65130205b865926e','user','2024-05-24 15:15:49',NULL,'Paula.CA.Nunes@azores.gov.pt',NULL),(325,'Delmina Maria Freitas Ormonde Borges','59886fe3e4a390d23717ffc12004fdf754df4084ff23d7be65130205b865926e','user','2024-05-24 15:15:49',NULL,'Delmina.MF.Borges@azores.gov.pt',NULL),(326,'Rui Jorge Ferreira','59886fe3e4a390d23717ffc12004fdf754df4084ff23d7be65130205b865926e','user','2024-05-24 15:15:49',NULL,'Rui.J.Ferreira@azores.gov.pt',NULL),(327,'Alda Maria Rodrigues Vicência Cota','59886fe3e4a390d23717ffc12004fdf754df4084ff23d7be65130205b865926e','user','2024-05-24 15:15:49',NULL,'Alda.MR.Vicencia@azores.gov.pt',NULL),(328,'Maria da Graça Rebelo Cunha','59886fe3e4a390d23717ffc12004fdf754df4084ff23d7be65130205b865926e','user','2024-05-24 15:15:49',NULL,'Maria.GR.Cunha@azores.gov.pt',NULL),(329,'Nélia Castro Couto Lopes','59886fe3e4a390d23717ffc12004fdf754df4084ff23d7be65130205b865926e','user','2024-05-24 15:15:49',NULL,'Nelia.CC.Lopes@azores.gov.pt',NULL),(330,'Carla Patrícia Mendes Ferreira Gusmão','59886fe3e4a390d23717ffc12004fdf754df4084ff23d7be65130205b865926e','user','2024-05-24 15:15:49',NULL,'Carla.PM.Gusmao@azores.gov.pt',NULL),(331,'Sandra Santos Silva','59886fe3e4a390d23717ffc12004fdf754df4084ff23d7be65130205b865926e','user','2024-05-24 15:15:49',NULL,'Sandra.PM.Silva@azores.gov.pt',NULL),(332,'Ana Maria Moreno Vaz Pereira da Costa','59886fe3e4a390d23717ffc12004fdf754df4084ff23d7be65130205b865926e','user','2024-05-24 15:15:49',NULL,'Ana.MM.Costa@azores.gov.pt',NULL),(333,'Laura Frederica Soares Lemos','59886fe3e4a390d23717ffc12004fdf754df4084ff23d7be65130205b865926e','user','2024-05-24 15:15:49',NULL,'Laura.FS.Lemos@azores.gov.pt',NULL),(334,'Sara Patricia Machado de Lima','59886fe3e4a390d23717ffc12004fdf754df4084ff23d7be65130205b865926e','user','2024-05-24 15:15:49',NULL,'Sara.PM.Lima@azores.gov.pt',NULL),(335,'Vítor Hugo Pereira Rocha','59886fe3e4a390d23717ffc12004fdf754df4084ff23d7be65130205b865926e','user','2024-05-24 15:15:49',NULL,'Vitor.HP.Rocha@azores.gov.pt',NULL),(336,'Joana Inês Rodrigues Vieira','59886fe3e4a390d23717ffc12004fdf754df4084ff23d7be65130205b865926e','user','2024-05-24 15:15:49',NULL,'Joana.IR.Vieira@azores.gov.pt',NULL),(337,'Andreia Filipa Gonçalves Simões','59886fe3e4a390d23717ffc12004fdf754df4084ff23d7be65130205b865926e','user','2024-05-24 15:15:49',NULL,'Andreia.FG.Simoes@azores.gov.pt',NULL),(338,'Catarina Isabel Leonardo Carvalho','59886fe3e4a390d23717ffc12004fdf754df4084ff23d7be65130205b865926e','user','2024-05-24 15:15:49',NULL,'Catarina.IL.Carvalho@azores.gov.pt',NULL),(339,'Eunice Maria Afonso Cândido Silveira','59886fe3e4a390d23717ffc12004fdf754df4084ff23d7be65130205b865926e','user','2024-05-24 15:15:49',NULL,'Eunice.MA.Silveira@azores.gov.pt',NULL),(340,'Susana Maria Cardoso Medeiros ','59886fe3e4a390d23717ffc12004fdf754df4084ff23d7be65130205b865926e','user','2024-05-24 15:15:49',NULL,'Susana.MC.Medeiros2@azores.gov.pt',NULL),(341,'Eduarda Lúcia Jarroca Rocha Castro','59886fe3e4a390d23717ffc12004fdf754df4084ff23d7be65130205b865926e','user','2024-05-24 15:15:49',NULL,'Eduarda.LJ.Castro@azores.gov.pt',NULL),(342,'Maria Graça Soares Cota Nunes','59886fe3e4a390d23717ffc12004fdf754df4084ff23d7be65130205b865926e','user','2024-05-24 15:15:49',NULL,'Maria.GS.Nunes@azores.gov.pt',NULL),(343,'Ana de Lurdes Ormonde Marques Mendes','59886fe3e4a390d23717ffc12004fdf754df4084ff23d7be65130205b865926e','user','2024-05-24 15:15:49',NULL,'Ana.LO.Mendes@azores.gov.pt',NULL),(344,'Nélia Maria Castro Lopes','59886fe3e4a390d23717ffc12004fdf754df4084ff23d7be65130205b865926e','user','2024-05-24 15:15:49',NULL,'Nelia.MC.Lopes@azores.gov.pt',NULL),(345,'Fátima Maria Lucas Branco Silveira','59886fe3e4a390d23717ffc12004fdf754df4084ff23d7be65130205b865926e','user','2024-05-24 15:15:49',NULL,'Fatima.ML.Silveira@azores.gov.pt',NULL),(346,'Umbelina Margarida da Costa Martins Sá Nogueira','59886fe3e4a390d23717ffc12004fdf754df4084ff23d7be65130205b865926e','user','2024-05-24 15:15:49',NULL,'Umbelina.MC.Martins@azores.gov.pt',NULL),(347,'Maria de Lurdes Gonçalves Azevedo Mendes','59886fe3e4a390d23717ffc12004fdf754df4084ff23d7be65130205b865926e','user','2024-05-24 15:15:49',NULL,'Maria.LG.Mendes@azores.gov.pt',NULL),(348,'Ana Paula Marques Sousa Cecílio','59886fe3e4a390d23717ffc12004fdf754df4084ff23d7be65130205b865926e','user','2024-05-24 15:15:49',NULL,'Ana.PM.Cecilio@azores.gov.pt',NULL),(349,'Maria Luísa Baldaya da Câmara do Rego Botelho Raulino','59886fe3e4a390d23717ffc12004fdf754df4084ff23d7be65130205b865926e','user','2024-05-24 15:15:49',NULL,'Maria.LB.Raulino@azores.gov.pt',NULL),(350,'Ana Cristina Faria da Silva','59886fe3e4a390d23717ffc12004fdf754df4084ff23d7be65130205b865926e','user','2024-05-24 15:15:49',NULL,'Ana.CF.Silva@azores.gov.pt',NULL),(351,'Eduarda Maria da Fonseca Gomes','59886fe3e4a390d23717ffc12004fdf754df4084ff23d7be65130205b865926e','user','2024-05-24 15:15:49',NULL,'Eduarda.MF.Gomes@azores.gov.pt',NULL),(352,'Lília de Fátima Amorim','59886fe3e4a390d23717ffc12004fdf754df4084ff23d7be65130205b865926e','user','2024-05-24 15:15:49',NULL,'Lilia.F.Amorim@azores.gov.pt',NULL),(353,'Diogo António Toste Fortuna','59886fe3e4a390d23717ffc12004fdf754df4084ff23d7be65130205b865926e','user','2024-05-24 15:15:49',NULL,'Diogo.AT.Fortuna@azores.gov.pt',NULL),(354,'Maria de Fátima Dias Gomes','59886fe3e4a390d23717ffc12004fdf754df4084ff23d7be65130205b865926e','user','2024-05-24 15:15:49',NULL,'Fatima.D.Gomes@azores.gov.pt',NULL),(355,'Ana Cristina Borges Parreira','59886fe3e4a390d23717ffc12004fdf754df4084ff23d7be65130205b865926e','user','2024-05-24 15:15:49',NULL,'Ana.CB.Parreira@azores.gov.pt',NULL),(356,'Maria de Fátima Cota Cardoso Godinho','59886fe3e4a390d23717ffc12004fdf754df4084ff23d7be65130205b865926e','user','2024-05-24 15:15:49',NULL,'Maria.FC.Godinho@azores.gov.pt',NULL),(357,'Isilda Manuela Teixeira Fagundes Borges','59886fe3e4a390d23717ffc12004fdf754df4084ff23d7be65130205b865926e','user','2024-05-24 15:15:49',NULL,'Isilda.MT.Borges@azores.gov.pt',NULL),(358,'Lígia Maria da Silva dos Santos','59886fe3e4a390d23717ffc12004fdf754df4084ff23d7be65130205b865926e','user','2024-05-24 15:15:49',NULL,'Ligia.MS.Santos@azores.gov.pt',NULL),(359,'Carla Alexandra Rocha da Silva','59886fe3e4a390d23717ffc12004fdf754df4084ff23d7be65130205b865926e','user','2024-05-24 15:15:49',NULL,'Carla.AR.Silva@azores.gov.pt',NULL),(360,'Ana Maria Benevides Couto Simões','59886fe3e4a390d23717ffc12004fdf754df4084ff23d7be65130205b865926e','user','2024-05-24 15:15:49',NULL,'Ana.MB.Simoes@azores.gov.pt',NULL),(361,'Maria João da Silva Rosa','59886fe3e4a390d23717ffc12004fdf754df4084ff23d7be65130205b865926e','user','2024-05-24 15:15:49',NULL,'Maria.JS.Rosa@azores.gov.pt',NULL),(362,'Guida de Fátima Simas Aguiar Dias','59886fe3e4a390d23717ffc12004fdf754df4084ff23d7be65130205b865926e','user','2024-05-24 15:15:49',NULL,'Guida.FS.Dias@azores.gov.pt',NULL),(363,'Frederico Vaz Cardoso','59886fe3e4a390d23717ffc12004fdf754df4084ff23d7be65130205b865926e','user','2024-05-24 15:15:49',NULL,'Frederico.V.Cardoso@azores.gov.pt',NULL),(364,'Paula Maria Batista da Luz','59886fe3e4a390d23717ffc12004fdf754df4084ff23d7be65130205b865926e','user','2024-05-24 15:15:49',NULL,'Paula.MB.Luz@azores.gov.pt',NULL),(365,'Maria de Lurdes da Silva dos Santos Gomes','59886fe3e4a390d23717ffc12004fdf754df4084ff23d7be65130205b865926e','user','2024-05-24 15:15:49',NULL,'Maria.LS.Gomes@azores.gov.pt',NULL),(366,'Fernanda Maria de Castro da Silveira Aguiar','59886fe3e4a390d23717ffc12004fdf754df4084ff23d7be65130205b865926e','user','2024-05-24 15:15:49',NULL,'Fernanda.MC.Aguiar@azores.gov.pt',NULL),(367,'Lúcia de Lurdes Oliveira Tavares Santos','59886fe3e4a390d23717ffc12004fdf754df4084ff23d7be65130205b865926e','user','2024-05-24 15:15:49',NULL,'Lucia.LO.Santos@azores.gov.pt',NULL),(368,'Rui Miguel Sousa Arruda Dias Pacheco','59886fe3e4a390d23717ffc12004fdf754df4084ff23d7be65130205b865926e','user','2024-05-24 15:15:49',NULL,'Rui.MS.Pacheco@azores.gov.pt',NULL),(369,'Maria Lurdes Meneses Cabral','59886fe3e4a390d23717ffc12004fdf754df4084ff23d7be65130205b865926e','user','2024-05-24 15:15:49',NULL,'Maria.LM.Cabral@azores.gov.pt',NULL),(370,'Lúcia Conceição Brasil Rodrigues','59886fe3e4a390d23717ffc12004fdf754df4084ff23d7be65130205b865926e','user','2024-05-24 15:15:49',NULL,'Lucia.CB.Rodrigues@azores.gov.pt',NULL),(371,'Susana Borges Marcos','59886fe3e4a390d23717ffc12004fdf754df4084ff23d7be65130205b865926e','user','2024-05-24 15:15:49',NULL,'susana.marcos@azores.gov.pt',NULL),(372,'Susan Aida Freitas Sequeira','59886fe3e4a390d23717ffc12004fdf754df4084ff23d7be65130205b865926e','user','2024-05-24 15:15:49',NULL,'Susan.AF.Sequeira@azores.gov.pt',NULL),(373,'Maria do Natal Dias de Sales','59886fe3e4a390d23717ffc12004fdf754df4084ff23d7be65130205b865926e','user','2024-05-24 15:15:49',NULL,'Maria.ND.Sales@azores.gov.pt',NULL),(374,'Margarida Alexandra Martins da Silva Brasil','59886fe3e4a390d23717ffc12004fdf754df4084ff23d7be65130205b865926e','user','2024-05-24 15:15:49',NULL,'Margarida.AM.Brasil@azores.gov.pt',NULL),(375,'Maria Alexandra Moura dos Santos Garcia Leandro','59886fe3e4a390d23717ffc12004fdf754df4084ff23d7be65130205b865926e','user','2024-05-24 15:15:49',NULL,'Maria.AM.Leandro@azores.gov.pt',NULL),(376,'Olga Natal Tristão da Costa','59886fe3e4a390d23717ffc12004fdf754df4084ff23d7be65130205b865926e','user','2024-05-24 15:15:49',NULL,'Olga.NT.Costa@azores.gov.pt',NULL),(377,'Daniela Madeira Balsinhas de Ávila Gomes','59886fe3e4a390d23717ffc12004fdf754df4084ff23d7be65130205b865926e','user','2024-05-24 15:15:49',NULL,'Daniela.MB.Gomes@azores.gov.pt',NULL),(378,'Renata Bráz Silva Machado Costa','59886fe3e4a390d23717ffc12004fdf754df4084ff23d7be65130205b865926e','user','2024-05-24 15:15:49',NULL,'Renata.BS.Costa@azores.gov.pt',NULL),(379,'Mónica Maria Almeida da Silva','59886fe3e4a390d23717ffc12004fdf754df4084ff23d7be65130205b865926e','user','2024-05-24 15:15:49',NULL,'Monica.MA.Silva@azores.gov.pt',NULL),(380,'Filipa de Araújo Machado','59886fe3e4a390d23717ffc12004fdf754df4084ff23d7be65130205b865926e','user','2024-05-24 15:15:49',NULL,'Filipa.A.Machado@azores.gov.pt',NULL),(381,'João Pedro Rocha Pacheco','59886fe3e4a390d23717ffc12004fdf754df4084ff23d7be65130205b865926e','user','2024-05-24 15:15:49',NULL,'Joao.PR.Pacheco@azores.gov.pt',NULL),(382,'Carlos Roberto Vieira Pinheiro','59886fe3e4a390d23717ffc12004fdf754df4084ff23d7be65130205b865926e','user','2024-05-24 15:15:49',NULL,'Carlos.RV.Pinheiro@azores.gov.pt',NULL),(383,'Diogo Areias Pacheco','59886fe3e4a390d23717ffc12004fdf754df4084ff23d7be65130205b865926e','user','2024-05-24 15:15:49',NULL,'Diogo.A.Pacheco@azores.gov.pt',NULL),(384,'José Aurélio Dias Almeida','59886fe3e4a390d23717ffc12004fdf754df4084ff23d7be65130205b865926e','user','2024-05-24 15:15:49',NULL,'Jose.AD.Almeida@azores.gov.pt',NULL),(385,'Rui Miguel Mendes Espínola','59886fe3e4a390d23717ffc12004fdf754df4084ff23d7be65130205b865926e','user','2024-05-24 15:15:49',NULL,'Rui.MM.Espinola@azores.gov.pt',NULL),(386,'Ana Sofia Silva Ferreira Rico','59886fe3e4a390d23717ffc12004fdf754df4084ff23d7be65130205b865926e','user','2024-05-24 15:15:49',NULL,'Ana.SS.Rico@azores.gov.pt',NULL),(387,'Sónia Cristina Azevedo Costa Simas','59886fe3e4a390d23717ffc12004fdf754df4084ff23d7be65130205b865926e','user','2024-05-24 15:15:49',NULL,'Sonia.CA.Simas@azores.gov.pt',NULL),(388,'Ricardo Nuno Vieira Matias','59886fe3e4a390d23717ffc12004fdf754df4084ff23d7be65130205b865926e','user','2024-05-24 15:15:49',NULL,'Ricardo.NV.Matias@azores.gov.pt',NULL),(389,'Vasco Manuel Viegas Leonor','59886fe3e4a390d23717ffc12004fdf754df4084ff23d7be65130205b865926e','user','2024-05-24 15:15:49',NULL,'Vasco.MV.Leonor@azores.gov.pt',NULL),(390,'Geral DRD','59886fe3e4a390d23717ffc12004fdf754df4084ff23d7be65130205b865926e','user','2024-05-24 15:15:49',NULL,'drd@azores.gov.pt',NULL);
/*!40000 ALTER TABLE `users` ENABLE KEYS */;
UNLOCK TABLES;
/*!40103 SET TIME_ZONE=@OLD_TIME_ZONE */;

/*!40101 SET SQL_MODE=@OLD_SQL_MODE */;
/*!40014 SET FOREIGN_KEY_CHECKS=@OLD_FOREIGN_KEY_CHECKS */;
/*!40014 SET UNIQUE_CHECKS=@OLD_UNIQUE_CHECKS */;
/*!40101 SET CHARACTER_SET_CLIENT=@OLD_CHARACTER_SET_CLIENT */;
/*!40101 SET CHARACTER_SET_RESULTS=@OLD_CHARACTER_SET_RESULTS */;
/*!40101 SET COLLATION_CONNECTION=@OLD_COLLATION_CONNECTION */;
/*!40111 SET SQL_NOTES=@OLD_SQL_NOTES */;

-- Dump completed on 2024-05-27 12:26:18
